id_veronacard,itinerary,reward,time_visit,time_distance,time_crowd,time_left,time_input,popular_poi_visited,poi_len,preference_matches
522444,"[54, 59, 61, 49, 71]",28.94689541191957,186.0,25,29,0.0,4,3,4,20
522485,"[202, 61, 59, 54, 71, 49]",40.32636629851916,265.0,50,30,15.0,6,3,5,35
522507,"[71, 61, 59, 54, 71]",29.729823100566612,188.0,40,12,0.0,4,3,4,28
522702,"[61, 59, 61, 49, 71, 54, 52]",45.14268785046726,284.0,45,31,0.0,6,3,6,36
522944,"[61, 59, 61, 49, 71, 54, 52]",45.14246388828986,284.0,45,31,0.0,6,3,6,45
523015,"[71, 61, 59, 54, 71, 49]",40.32719071998641,265.0,50,30,15.0,6,3,5,39
523023,"[61, 59, 61, 49, 71, 54, 52]",45.14246388828986,284.0,45,31,0.0,6,3,6,45
523387,"[61, 59, 61, 49, 71]",30.75650748863764,235.0,25,100,0.0,6,3,4,32
523424,"[61, 59, 61, 49, 71]",28.950682679985682,186.0,25,29,0.0,4,3,4,26
523719,"[61, 59, 61, 49, 71, 54, 52]",45.14246388828986,284.0,45,31,0.0,6,3,6,43
524232,"[62, 61, 59, 54, 71]",18.44641230260397,143.0,30,67,0.0,4,3,4,28
524511,"[61, 59, 61, 49, 71, 54, 52]",45.14246388828986,284.0,45,31,0.0,6,3,6,40
524648,"[61, 59, 61, 49, 54]",20.67939300659013,157.0,25,58,0.0,4,2,4,27
524980,"[61, 59, 61, 49, 54]",20.67939300659013,157.0,25,58,0.0,4,2,4,23
525319,"[52, 61, 59, 54, 71, 49]",40.53252855396724,265.0,45,30,20.0,6,3,5,33
525738,"[71, 61, 59, 54, 71, 49, 52]",37.235248378224156,295.0,65,103,17.0,8,3,6,44
525826,"[71, 61, 59, 54, 71, 52]",28.93847476720897,225.0,55,69,11.0,6,3,5,34
525893,"[71, 61, 59, 54, 49]",18.81368042802502,147.0,35,58,0.0,4,3,4,30
526033,"[59, 61, 59, 54, 71]",18.447810179725977,143.0,30,67,0.0,4,3,4,31
526138,"[202, 61, 59, 54, 49]",18.812733661877118,147.0,35,58,0.0,4,2,4,28
