id_veronacard,itinerary,reward,time_visit,time_distance,time_crowd,time_left,time_input,popular_poi_visited,poi_len,preference_matches
525738,"[71, 71, 202, 76, 300, 52]",47.03482334890941,335.0,45,100,0.0,8,1,5,40
526760,"[61, 71, 202, 76, 300, 52]",43.07183504431176,320.0,60,100,0.0,8,2,5,38
529503,"[61, 71, 202, 76, 300, 302, 61]",64.33534251372778,416.0,80,44,0.0,9,2,6,54
532301,"[61, 71, 202, 76, 300, 52]",43.07175995954996,320.0,60,100,0.0,8,2,5,43
532998,"[61, 71, 202, 76, 300, 302]",56.78103099926433,368.0,70,42,0.0,8,2,5,45
537191,"[61, 71, 202, 76, 300, 302]",56.78103099926433,368.0,70,42,0.0,8,2,5,30
540661,"[61, 71, 202, 76, 300, 302]",56.78086832659747,368.0,70,42,0.0,8,2,5,45
542232,"[63, 54, 63, 71, 202, 76]",33.579322247496734,280.0,90,94,16.0,8,1,5,42
546302,"[61, 71, 202, 76, 300, 302]",56.78100803807564,368.0,70,42,0.0,8,2,5,40
552946,"[63, 52, 54, 63, 62, 71, 202]",32.10603524654051,274.0,110,96,0.0,8,1,6,43
